{"cameraMode":{"drawMode":0,"name":"Shaded","section":"Shading Mode"},"sceneLighting":true,"audioPlay":false,"sceneViewState":{"showFog":true,"showMaterialUpdate":false,"showSkybox":true,"showFlares":true,"showImageEffects":true,"showParticleSystems":true},"in2DMode":false,"pivot":{"x":1.575439453125,"y":2.048583984375,"z":0.0791015625},"rotation":{"x":-0.1678590625524521,"y":0.11417052894830704,"z":-0.019585661590099336,"w":-0.9789977073669434},"size":2.699364185333252,"orthographic":true}