{"cameraMode":{"drawMode":0,"name":"Shaded","section":"Shading Mode"},"sceneLighting":true,"audioPlay":false,"sceneViewState":{"showFog":true,"showMaterialUpdate":false,"showSkybox":true,"showFlares":true,"showImageEffects":true,"showParticleSystems":true},"in2DMode":false,"pivot":{"x":-1.029052734375,"y":4.34521484375,"z":1.0400390625},"rotation":{"x":-0.29617929458618166,"y":-0.08096975833177567,"z":0.02520429715514183,"w":-0.9513665437698364},"size":11.247182846069336,"orthographic":true}